Training Accuracy,Testing Accuracy
0.9169068333333337,0.9130620000000002
